reviewId,userName,userImage,content,score,thumbsUpCount,reviewCreatedVersion,at,replyContent,repliedAt,appVersion
f500b882-b75c-4e2b-84dc-8a8cf5264938,Swapnali Shinde,https://play-lh.googleusercontent.com/a-/ALV-UjV9Nnk-jAIl1eWwyWiHagMZFbCMkHBVRwl1fsGDf2nj7S0ebr5R,login problem every time doesn't give proper reason invalid reasons at the time of login faced too much technical error,1,0,1.0.49,2025-10-14 19:12:38,,,1.0.49
5695eacd-148d-4b00-9305-342cd826b9a4,Mohammed Maviya Ansari,https://play-lh.googleusercontent.com/a-/ALV-UjXLLE1URvo68HCszhhqgEMVQD44uLPrrVTT-ERBW_tfhK6fSBc,"not working anymore, I have cleaned the app data and also tried to install a fresh app but it is not sending sms and shows a technical error occurred, please try later. I was already registered but the app was not opening then I have cleaned the data but it is still not working. I am getting an error while registering.",1,0,1.0.49,2025-10-14 11:56:07,,,1.0.49
1f283831-621d-40a0-a63d-a044423e252c,Confluence IT Solutions,https://play-lh.googleusercontent.com/a/ACg8ocJZJkvWb_b6bGnpz9TPv-6yvHvUwy0HjHEM5K8puY-5L81WFA=mo,"frustrating.....app crashing after login, happening after latest updates.",1,0,1.0.49,2025-10-14 11:25:57,,,1.0.49
a08bd972-0ce0-408b-8c43-8f8a74ea7fc8,Pratibha Gawade,https://play-lh.googleusercontent.com/a/ACg8ocI4Cdylz60XBP2SNHCSpCjSL5LjK6nzbvh0ywBbMijPZUWTtHw=mo,it so much irritating app its not work properly i don't know ye Maharashtra bank konse jamane main ji raha hai sab kharab hai ye bank ka,1,0,1.0.49,2025-10-14 00:31:59,,,1.0.49
d3a20fd6-1c02-46c5-a9f7-b1d21fb22118,Prakash Garje,https://play-lh.googleusercontent.com/a/ACg8ocLjKDtcHhkttPIdoIQoS2q3Ss6RCipKK7RaoLMe9vtKrF5byLzV=mo,useless app,1,0,1.0.49,2025-10-13 19:02:09,,,1.0.49
b447f024-c32f-4db0-b573-5a4fca786669,Swapnil More,https://play-lh.googleusercontent.com/a/ACg8ocKFTVnGdGSKnCT30axYnjjdHBBm0IEAQd4O_C_xLDpguNmPs7A2=mo,after update whenever try to login using mpin it shows technical error,1,0,1.0.49,2025-10-13 18:46:05,,,1.0.49
a8b0bb8f-7e8e-4bc8-b31f-cd435abc3468,Pooja Rodge,https://play-lh.googleusercontent.com/a-/ALV-UjV0jUelnDwKCeDZWwmvxgkkP0qGaYLT_Vf29cVbvtXILJauP6UE,3rd class app please learn from other bank,1,0,,2025-10-13 16:42:25,,,
bdeb2463-32e3-44c1-8122-15af779fe06a,Kadambari Chavan,https://play-lh.googleusercontent.com/a/ACg8ocKs-5rvbfYsF9XVZuRZ-SUCyC7PUPH2EsWtJzdnBg-AZxFAHg=mo,worst app ever... you guys need to work on it...!!!!!!!!!!,1,0,1.0.49,2025-10-13 14:44:32,,,1.0.49
850f46a8-a006-425f-8b28-625f83411459,Sanjeev Gugalgave,https://play-lh.googleusercontent.com/a-/ALV-UjVzlrg3fUO2fVydAfSnYV5dB_HL1dDYKIUbEgLDE_Fcr9p7sqWV,login problem,1,0,1.0.47,2025-10-13 04:20:55,,,1.0.47
e71bd0b3-9255-4acd-984a-58d2a8e0b436,Sulabha Mesta,https://play-lh.googleusercontent.com/a/ACg8ocLA5Ak9slRPY8LQzlT4udNtndiZDMrgbYIXJDmJpTxDkpstVg=mo,"Maha UPI when sitting UPI password it's 6 digit, but when paying it asks for 4 digit UPI pin... how exactly to put 4 digit pin when it's 6 digit?",2,0,1.0.48,2025-10-11 13:27:32,,,1.0.48
315bc444-bf7c-43d8-9f32-9b91fd7da394,Arushi Greens,https://play-lh.googleusercontent.com/a/ACg8ocKfGQNtoYoM3hQNFw7JSDn6OvT9oRTaHYv3sj5gRqRrNzORqA=mo,worst experience can't able to login,1,0,1.0.48,2025-10-11 11:48:47,,,1.0.48
010b434f-6632-402d-beff-46accd61507a,Sachin Ghuge,https://play-lh.googleusercontent.com/a/ACg8ocIZ63TS_Is3wdpt4BY4nl8eAZgpQ4ZOAfD2jZOCSaYKAHK0_g=mo,third class service,1,0,,2025-10-11 09:06:05,,,
25871c96-aa1e-4487-b8ba-1d9be588707b,Ajay Makasare,https://play-lh.googleusercontent.com/a-/ALV-UjX1tNIEV82XabuhXQ_PxS9O4lSaCOILfDjjH2ipI5HmGSFHOSAF,bad app,1,0,1.0.48,2025-10-10 23:09:50,,,1.0.48
dadbeb70-ab0d-4f8f-936f-85a2b756aaa6,deependra raghuwanshi,https://play-lh.googleusercontent.com/a-/ALV-UjUySQbvDDqiYTN2Nmvj8ZpbiVdtJAtWnWloMia-VNtRimaShp15,bakvas,1,0,1.0.48,2025-10-10 17:11:24,,,1.0.48
cfa5fed9-a021-4be7-b465-5eb5f26d1cdc,Karan Solanki,https://play-lh.googleusercontent.com/a-/ALV-UjW3UnPiZw7hSSXjLa2fxRI-THt_jNGAy3uF5Z434i6K2ucZvofS,not login,1,0,1.0.48,2025-10-10 14:48:41,,,1.0.48
d13f7836-516b-4c1e-a914-b1b8433ef5ca,Shabbir Gandhi,https://play-lh.googleusercontent.com/a/ACg8ocLp3K04gx0k-4p4d6p4qBWpG4oNhNVRENzmZHUGaV4tCsxdn_g=mo,how amount have been paid to Bank of Maharashtra from zen lyfe app for transferring customer details to them,1,0,1.0.48,2025-10-10 10:04:53,,,1.0.48
7c5f2e39-a965-4050-8f19-f2c7a2afbc33,Raj Kuswarkar,https://play-lh.googleusercontent.com/a-/ALV-UjX6E3N6ypsvOVsFGHFARXpporGVqV6BZrhA85ZX82aRVF-plbw,Please Don't open account in this bank any branches. They have 365 days technical IT problem with n their system. They take 4-5 days to clear cheques. Not trust worthy.,1,0,1.0.48,2025-10-09 15:37:42,,,1.0.48
43c13971-67c5-4e06-a3d6-521f5b54ff2e,Ganesh Kudu,https://play-lh.googleusercontent.com/a/ACg8ocI888wJ5pwxq78zZLSV3IA5oBTjLMRX0SEYwK3d3eCPnmEy=mo,Lot of Issues,1,0,1.0.48,2025-10-09 14:14:17,,,1.0.48
88c38e27-3507-492c-a9ab-56e7d93ee79e,aditi patre,https://play-lh.googleusercontent.com/a-/ALV-UjWFwfZDQUjCwCyENMCy_zK7IuwLqdgsqGjhtFVPl4qa_Ha8nfbC,"password protected statements, received over whatsapp and email are not opening up, it always says password is incorrect -first 4 character of name followed by DOB in ddmm format. please fix it",1,0,1.0.48,2025-10-09 12:19:47,,,1.0.48
2108df70-e9a4-40bb-8a98-f3e6d16648de,Anay Devale,https://play-lh.googleusercontent.com/a/ACg8ocJh99hInv4EICP0dpgkDL79mrvYtNwBtpP8MzNLkKgOis1kBCke=mo,"Give warning about Chrome Remote Desktop, don't force user to uninstall it. Extremely annoying!!!!",2,0,1.0.48,2025-10-09 10:56:11,,,1.0.48
01daa6e8-6d53-428c-9489-16ed49eb8cb7,Harsh M,https://play-lh.googleusercontent.com/a/ACg8ocKz8xw1SbKcngxhfEXNqRLjnJcgVw8Wjoyzub5TYAC_-OSpKw=mo,"Pathetic app. Takes forever for login. Buggy software app. I tried to register since 3 days. Everytime it send sms, tries to authenticate and then gets failed. I get locked because of multiple registration attempts. This is literally blood sucking. Hire quality software people to build the app. Invest money in good service, respect customers and their time. --- latest review around June 2025 the app is much better and looks good for most of the features. appreciate the progress.",1,0,1.0.48,2025-10-08 18:20:30,,,1.0.48
f07ea151-f675-4d70-b7b9-1d66106f4c39,Saransh Kumar,https://play-lh.googleusercontent.com/a-/ALV-UjUXezwuYIuuq15i2u6WO-ihFt8ifPIVlBAT4EZdcncsphyqZSfk,mobile app of Maharashtra bank is very bad very bad.,1,0,1.0.48,2025-10-08 14:14:42,,,1.0.48
31a2ec93-621a-421d-8f7e-05b006a00770,vinods rajput,https://play-lh.googleusercontent.com/a-/ALV-UjXk2mfz3wvclTQCeO1-JnNbn3EcFg66P8pq_OScO1_zmZS1DqPcFg,not working app,1,0,,2025-10-06 22:43:37,,,
ea668239-a233-4b1f-bec4-66051094043f,Rushikesh Swami,https://play-lh.googleusercontent.com/a/ACg8ocLiZex0LRsNwMwMwy5-eb1JqBa_NMgq15gOWJPGvX_M1KGjasw=mo,worst app,1,0,1.0.48,2025-10-06 10:52:27,,,1.0.48
2a283fad-4590-4786-a323-6548abe4cdb0,Snehal Dhamdar,https://play-lh.googleusercontent.com/a-/ALV-UjWNm9PcWr7N7IbMu0SG4rgJ9Rw28WAK9p6K893wx1edgeuh4xRg8w,waste of time,1,0,1.0.48,2025-10-06 08:57:08,,,1.0.48
40c55352-e52d-42fc-93bf-4d80731a8216,SUMON SARKAR,https://play-lh.googleusercontent.com/a-/ALV-UjVstSsiNYqI837jfHdGlOL8Njt9fnr0Ijm48IgUuurDIbu0meI,uncomfortable banking application,1,0,,2025-10-05 16:53:25,,,
b599a77a-2ab6-4068-8396-2d4f7f562569,Vivek Paylal,https://play-lh.googleusercontent.com/a/ACg8ocI79YDKd_hLYIaQdaPXBnPGTQZu6sebMVTXrwSqfo5zxOhq=mo,app developer check add all details are correct but still app shows something went wrong !,1,0,1.0.48,2025-10-05 12:13:50,,,1.0.48
bfcf9af4-1259-4506-9ea5-7c4aecf9021b,Vaibhav Verma,https://play-lh.googleusercontent.com/a-/ALV-UjX4Pv1HjrJvf72o_jBd5Z_wbI8x9OE5yrer4LjRp3l-KqbvqElA,Bank of MahaInconvenience,1,0,1.0.48,2025-10-05 11:19:22,,,1.0.48
a1b3cd13-87f3-49b0-bc49-4cfeb0a1549c,Balwant Birajdar,https://play-lh.googleusercontent.com/a/ACg8ocIbDripRDd8dHSK3DLQq5lufLDHJfvFFoU9j74VB57iXXXGMLc=mo,It shows an error that please insert the sim to continue even though I have an sim card on my mobile terrible banking app,1,0,1.0.48,2025-10-04 22:16:08,,,1.0.48
c81238e6-fff6-433c-8c9f-4008df94f6c2,Ninad Kulkarni,https://play-lh.googleusercontent.com/a/ACg8ocJPAQR3PdY7_pIcIg2QWdzQt3DKmSnwf5pUzbQ_rZJD8xxAEeUY=mo,useless app. Can't register when you're abroad. Only a single registration option. Do better,1,0,1.0.48,2025-10-04 19:57:10,,,1.0.48
dc8c29b9-1fb9-4c1e-8215-d45d988311b8,Kishore Kumar,https://play-lh.googleusercontent.com/a-/ALV-UjXNXnnipbKEVM3tR0aUJDbtB6xEHy7x-lU20e3AJ2qTJ5txpHHm,it's a worrest banking app,1,0,,2025-10-04 06:00:55,,,
8f8a3643-c021-472b-a99f-cb932084421b,NITIN PIMPALSHENDE,https://play-lh.googleusercontent.com/a-/ALV-UjUshClY4CZoDygl5JQKEXjE1eeReajFfYGNGei_l7BVmpK-A44P,very bad app. always give an error.,1,0,1.0.48,2025-10-03 22:17:55,,,1.0.48
99e44b7d-694e-4f14-9e5a-e296e870affe,Nikhil Jadhav,https://play-lh.googleusercontent.com/a/ACg8ocKMYOno5amK4NxW2BGu7cQMYqK0wsr381oqWsRFDa67PllqVg=mo,3rd class bank,1,0,1.0.48,2025-10-03 11:33:19,,,1.0.48
a0c01a58-a077-4a86-95f8-3477690bd972,Nasr Savanur,https://play-lh.googleusercontent.com/a/ACg8ocIs5TB7ZAYfxSs5cX59BV2kJ6lHOHA3srAXQ2f7vePWG_uAzg=mo,ekkk daamm bekaaar service haiiiii ye bankkk kaaaa galati ho gayaa acclunt kholl k naa net banking open hora haii naa mobile banking open hotaaa haiii worsttt serviceeeeee everrrrrrrrrrrr closssssss my account immediately they areee saying that chargess aree applieddd which type off service hmis thisssss,1,0,1.0.48,2025-10-02 21:02:43,,,1.0.48
5a51b3b1-93b5-49e9-b1c9-fae51a129d8c,Salman Ahmed Salim Ahmed Shaikh,https://play-lh.googleusercontent.com/a-/ALV-UjWgJdvKO3Pzjs5IuZE1_61OQSC8KwEmwU_xPeA__dbciB9P94p4,app was not working not able to login to account,1,0,1.0.48,2025-10-02 05:55:23,,,1.0.48
bf9ee7fa-89f8-4850-871d-bae5fc3b0704,Jayesh Narottam Waghela,https://play-lh.googleusercontent.com/a-/ALV-UjWgOhRbRaYkAxOBL-O47EMrTSKWAbaSJK1RniJFZ5CjRl2O7bnN2w,this app not compatable for vivo1820,1,0,,2025-10-01 20:24:10,,,
5b3f2cdf-30cb-4b43-a4da-e0512879b7e9,dipak Kale,https://play-lh.googleusercontent.com/a/ACg8ocJFRRxLq2W4UWy52YbrKJSqkHjzfsk5hPSJvpuDwHXdgKmpfg=mo,every time on every clik shows please wait useless,1,0,1.0.48,2025-10-01 12:37:55,,,1.0.48
d25dc4d3-085a-4095-91f4-d70d18e030ee,Sachin Saxena,https://play-lh.googleusercontent.com/a-/ALV-UjU5mUw8k0x05mnkGaMOdg3CTvvWj6BjBDB4DnMAvL2kC7I4E0eR,I keep getting no key error on the app and I'm unable to register using net banking,2,0,1.0.48,2025-09-30 10:47:56,,,1.0.48
e4e55aea-5014-420a-b502-14a8b6663ba6,Abhijit Khedekar,https://play-lh.googleusercontent.com/a-/ALV-UjUtAPqZ8eI-dYsskkR6ykFgpdSkDfXPKWIDY-6L6YxIPE8slVU0,worst,1,0,1.0.48,2025-09-30 09:58:43,,,1.0.48
57acf922-e69b-4b4e-a3ce-27a5508c71e8,Shubham Pawar,https://play-lh.googleusercontent.com/a-/ALV-UjUV2YcaD564VPje-cb9ZN6suAg36XUmA6Tbt1wtNV_8o9dOrw4IAA,"‚òÖ‚òÜ‚òÜ‚òÜ‚òÜ Extremely Unreliable ‚Äì A Major Letdown from Bank of Maharashtra The Bank of Maharashtra mobile app is one of the most careless and poorly maintained banking apps I‚Äôve ever used. Most of the time, it simply doesn‚Äôt work ‚Äî it crashes, fails to load, or shows server errors when you need it the most. Whether you‚Äôre trying to check your balance, transfer money, or pay a bill, you never know if the app will cooperate.",1,6,1.0.47,2025-09-29 22:55:33,,,1.0.47
d6ce21c5-ccc9-410f-a0b2-2fcc029523f6,Vasim Tamboli,https://play-lh.googleusercontent.com/a-/ALV-UjW2oFm14RWtdJw0-rYHaalLY4-9AfdXsn1E5e10YAIsnkMBaqCO,worst app...,1,0,1.0.47,2025-09-29 22:36:33,,,1.0.47
b6147d8b-12b1-467c-b781-8e49d39b9674,Sai Narayana,https://play-lh.googleusercontent.com/a-/ALV-UjU5wrwwjmMSTzLU7WTUcDg7F30-5qzhurNqdZObIpWj6V0qXOfA,"working fine now with lot of improvement. After changing my device now now culd not able to register,the same thing happened one year before,the software was not designed properly for past a week trying to register. Worst app. Now it is working fine.",1,5,1.0.48,2025-09-29 20:25:52,"Dear Customer, we regret the inconvenience caused, if you have any issues in using the application, We kindly request you to contact us on 1800-233-4526/Write to us on digitalsupport@mahabank.co.in/Mahaconnect@mahabank.co.in .Kindly update to the latest version for better user Experience.",2025-07-02 13:12:23,1.0.48
59dc880d-b7c5-48c9-b94c-d8d0e229c970,Nikhilendra Singh,https://play-lh.googleusercontent.com/a-/ALV-UjXsqrwKQ1np0Blekfyol1jzpk1T2J1IpXlFjzqfDdVRouuDFGeo,"no updated passbook no statement, worst service Fully SARKARI",1,0,1.0.47,2025-09-28 23:04:56,,,1.0.47
1fe4847c-cfcc-4c16-a4da-f9c90f891b76,Blue_one Hi,https://play-lh.googleusercontent.com/a/ACg8ocL50iI8BFqklIECVsjXYKJXg_80OQCRUUj2PV01HiTA7OOZ_w=mo,"sir app is not working, transfer not done after click on submit button it is not working. please do the needful",1,0,1.0.47,2025-09-28 20:20:13,,,1.0.47
b6576a98-9eff-484f-8bdf-d13f382be750,Harshala Chavan,https://play-lh.googleusercontent.com/a/ACg8ocLNNUP_ckyHk0lAq7kMdUAshEKAIAOGUVPwQd6k8c6WfdAys5A=mo,worst banking app always lacks,1,0,1.0.47,2025-09-28 18:20:56,,,1.0.47
6a5d9d1c-1366-4401-ae93-15b057b649f3,KOMAL GUND,https://play-lh.googleusercontent.com/a-/ALV-UjUDeM31KPyoEa6RDZawam3SjK-71NPd3aLDu8qk5cOIDrcHloU,doesn't working.,1,0,1.0.47,2025-09-27 12:19:40,,,1.0.47
05af1b40-dad3-4c30-964d-a0f3b9a33044,Pushpa Jadhav,https://play-lh.googleusercontent.com/a/ACg8ocImtEdIFZnj89-CmW2eeeN0AbxbaNi9LWpxIUA4RFNCPsg8qA=mo,pathetic app doesn't work,1,0,1.0.47,2025-09-26 11:06:26,"Dear Customer,we regret the inconvenience caused,if you have any issues in using the application, We kindly request you to contact us on 1800-233-4526/write to us on digitalsupport@mahabank.co.in./mahaconnect@mahabank.co.in. Kindly update to the latest version for better user experience.
",2025-06-21 15:39:12,1.0.47
7107d5c9-8064-45de-a003-77501b5f76e3,Shriraj,https://play-lh.googleusercontent.com/a/ACg8ocKmvmiDekTPdTA7BVSgBNjghnncg0yDzQ_0qD5UxOUzCRbbYw=mo,no use to write review... no 1 is concern... hopeless app... and bank too..,1,0,,2025-09-26 09:17:26,,,
07ecbd53-981a-4175-9c8d-50b1d715e9cf,Manisha Kawlekar,https://play-lh.googleusercontent.com/a/ACg8ocKnDklFyG2tNs5jjiTWmdp18_vQPuuOojZzw2rdhc9t9G6-Aw=mo,"A very non friendly app gotta add beneficiaries to send them money which has a wait period which is just dumb, and even after that wait period it sometimes fails to add them",1,1,1.0.47,2025-09-25 17:18:14,,,1.0.47
3e39af1b-571e-4462-ade0-0887818136ac,Pradip Amale,https://play-lh.googleusercontent.com/a-/ALV-UjUaxKboJFNw8jcA-T1NpzsE6331Gd3IB1P1xCUysZYefIh5KqxE,Apps and bank dono kisi kam ke nahi,1,0,,2025-09-25 16:41:14,,,
485cf1b0-39dd-4bfa-b3e0-e60eb17fdcf9,Anil Sanap,https://play-lh.googleusercontent.com/a/ACg8ocJJAEVO8s71_Zs8LsUf2Wlx42R6GWg8tgTcUEc_jtAUrqUEAQ=mo,very bad services maha bank,1,0,1.0.47,2025-09-24 20:30:29,,,1.0.47
bc570060-2db4-4d01-bb82-2dd98bed8bf4,Reels Traveller,https://play-lh.googleusercontent.com/a-/ALV-UjUw0diocEqBSkvAxNwuN3NIDQd8bfS7tVBBtFoAFxSz55xTfzub,This Bank is froud. by mistake i have made wrong transaction to wrong beneficiary account which account related to bank of maharastra when my hdfc bank raised request for payment reversal then bank of maharastra said we didnt recieved any amount in our customer's account it means bank of maharastra is froud and scamer. please be aware all üò°üò°üò°üò°,1,0,1.0.47,2025-09-24 19:22:53,,,1.0.47
a272b593-1b9c-4e69-9511-3028b5ac1622,Roshan Kumar Sao,https://play-lh.googleusercontent.com/a-/ALV-UjVHkNcA_pbL3NWiYu9dwvLT7OJTNo67nFdNjhvdPgcp8jYAxr8,pathetic app automatically logout everytime,1,0,1.0.47,2025-09-23 19:30:29,,,1.0.47
e05cde4e-9d23-4596-bae6-00f7af489642,Tayyab shaikh,https://play-lh.googleusercontent.com/a-/ALV-UjUTLWK85jhbJX-0wWr1C0WFA7aVOt02akavVNGj2Od0-DAH78hN,very poor quality and service,1,0,1.0.47,2025-09-23 00:02:47,,,1.0.47
437affe5-e1bd-4b12-846c-8df6741d0881,mitesh palshetkar,https://play-lh.googleusercontent.com/a-/ALV-UjVJ_4cblRM3SU7Nc_6HaBCFRdta-oEait_Q5kCI99aglgszVKdFHQ,worst app ever I use bcz not log in and getting trouble for use easy in operation. lost of our Maharahtara state name to this bank,1,0,1.0.47,2025-09-22 21:29:24,,,1.0.47
1239193d-f534-46ac-96cf-ec4b2d210fe8,raj Waghmore,https://play-lh.googleusercontent.com/a/ACg8ocK2lK2Ewl3VgIeJ2Imo3cHtuumAbgo-BfrZa2g2LcGn9Sl18w=mo,bad status,1,0,1.0.47,2025-09-22 17:25:15,,,1.0.47
2516500b-5dfb-43ff-8ceb-b07492d85e94,just fun,https://play-lh.googleusercontent.com/a-/ALV-UjVWxkprd01x-1q4t1K5DECtRp5sb_pWZjSzpbwlEwDv6_TqDtzu,not good service.,1,0,1.0.47,2025-09-22 17:04:08,,,1.0.47
9fa8ebeb-9b17-4f69-842a-d374bfb6e54a,CA Ashish Vaish,https://play-lh.googleusercontent.com/a-/ALV-UjXDgRG0au6uGeSdzS2-DxVEEHyOVnAu4MDsfzLOxzgfgTQpIq79,Fraud Bank.Don't Invest in this Bank.Without any consent from Customer hand they deduct PMSBY Premium Amount.and Customer Care Wrongly Entered Complaint.and Online Complaint Portal Always Give error hence you never do a successful complaint.and Lower to higher department never give reply to customer Mails. such a unethical Bank doing Unethical practices Openly.Be safe!,1,0,1.0.47,2025-09-21 18:28:31,,,1.0.47
da7794bf-3d76-458c-b9f9-ee254bbdce1a,Jayprakash Tripathi,https://play-lh.googleusercontent.com/a/ACg8ocLLGIhn2oz-sc9l-LQJ2xwriuGtVYfisd21C6j5MdAn92b_ng=mo,"vary poor app in banking,",1,0,1.0.47,2025-09-20 20:32:57,,,1.0.47
8c6ed31c-074a-4445-939d-954640cd6291,Amey Waze,https://play-lh.googleusercontent.com/a/ACg8ocJo2fJtVhX6P-jak0ItWHTe2I3YchDpg7qHiUKLWGMh180rrY0=mo,"not able to authenticate, it says invalid mobile number",1,0,1.0.47,2025-09-20 19:15:31,,,1.0.47
e16cf01b-a320-4731-9eef-74fd9c2a7d46,Abhishek Singh,https://play-lh.googleusercontent.com/a/ACg8ocLwDK8AdHexuR0ZQpJKC64V2vPhjk_vyajA12hRMrg41unW4g=mo,"everytime i make upi id in mahabhim upi option it always show ""merchant blocked"" plz check wats d issue...",2,0,,2025-09-20 14:48:33,,,
22db790a-8226-4ce8-abc6-86a25f68dbaf,Abrar Sayyad,https://play-lh.googleusercontent.com/a/ACg8ocJlScQZ5SQn2dLj2EoYLVRCKfnEYzM6PI6tv9gChljYOyJaYg4=mo,pathetic app.,1,0,1.0.47,2025-09-19 15:53:32,,,1.0.47
9b590485-f82b-40de-b9c7-f4ada231863e,Darshan ingle,https://play-lh.googleusercontent.com/a-/ALV-UjXE6wrxBbX2gcXReTIXMtu6c9IGr0VhTXDB3jq12RZzKT5UosU,kepebel,1,0,,2025-09-19 14:47:20,,,
ab16c43d-c6f4-4885-ab22-0783b786ee16,PRIYARANJAN SAHOO,https://play-lh.googleusercontent.com/a-/ALV-UjXVGGbb3L2eFuEOdb5qaS6Zk3VWrcgsq-B0osMENLCRy0WqjpZDZA,application not registering properly take too long time and time out very bad app,1,0,1.0.47,2025-09-19 10:54:08,,,1.0.47
7bc8994b-ca5f-4f14-9e04-c9226afc4bdb,siddheshwar tekale,https://play-lh.googleusercontent.com/a-/ALV-UjWJAAKJnjffRLUbqLJ9Azra3O9kKgLIIHrFAN1vTU3YtleYqmPGOg,need adhaar validation,1,0,1.0.47,2025-09-19 02:27:25,,,1.0.47
c5de0897-0be7-4317-a5d9-96e7097827e8,Naved dk,https://play-lh.googleusercontent.com/a/ACg8ocLNrhyM4OQXOt9-_uF5A8_PL1-vihI2NAF7O0jq6_48bv4VgA=mo,UIP ID NOT WORK VERY Worst APP,1,0,1.0.45,2025-09-19 00:36:37,,,1.0.45
2474cc4e-052c-456c-bfc5-ad56ad7d3ff8,Akshay Nile,https://play-lh.googleusercontent.com/a-/ALV-UjXt8hm1oYYxhxWX9FUJGT2RktueEG427DjMg8HIwuQ3plZEEBaU,"Not able to login. It shows that ""Authentication failed because the SMS has not reached the server"". I connected with customer support, they told me to keep talktime balance of more than ‚Çπ10 in your registered SIM. I did the same, but the app is still showing the same error. Please resolve this issue as soon as possible üôèüèª. Very disappointed with this app. üòî",1,807,1.0.23,2024-05-17 09:35:43,"Dear Customer, we regret the inconvenience caused, if you have any issues in using the application, We kindly request you to contact us on 1800-233-4526/Write to us on digitalsupport@mahabank.co.in/Mahaconnect@mahabank.co.in .Kindly update to the latest version for better user Experience.",2025-07-02 13:25:34,1.0.23
22c4ba38-8238-47b6-9fd0-d56b1ccfdbf5,shraddha pawar,https://play-lh.googleusercontent.com/a-/ALV-UjWa7vSEAAO_JkTPbCSGsGIpF_mESGeq4Jk_e15w-QTlzNEVdg0Wow,"Nothing works properly in the app. And trust me, NOTHING. 1: It keeps logging you out automatically every minute. 2: Any form submission process is pathetic. It says ""upload documents"" but their server isn't designed to actually upload any document. 3. Every time you want to view your recent transactions, it shows blank page. Your actual (offline) bank structure is heavily messed up. At least make online access easier. You're not doing any favour on us by keeping our money in your bank!",1,471,1.0.34,2025-01-16 09:38:00,"Dear Customer, we regret the inconvenience caused, if you have any issues in using the application, We kindly request you to contact us on 1800-233-4526/Write to us on digitalsupport@mahabank.co.in/Mahaconnect@mahabank.co.in .Kindly update to the latest version for better user Experience.",2025-07-02 13:09:18,1.0.34
54fb76e1-98be-4f05-aa7f-850baf76738a,Archit Sarmokadam,https://play-lh.googleusercontent.com/a-/ALV-UjVnx8js3XYUIhiZ_KBFcem0BEvCcGX-aDPJhsAuPharc6SOAktD,"What an outdated this app is! I had an unknown transaction for which I was trying to check the statement but to my surprise, there is no way you can look a transaction in details. All it says a random numbers which no one understand. Also there is no way to report a wrong transaction. So if you value your hard earned money, stay away from this app.",1,1,1.0.34,2025-01-20 14:19:01,"Dear Customer, we regret the inconvenience caused, if you have any issues in using the application, We kindly request you to contact us on 1800-233-4526/Write to us on digitalsupport@mahabank.co.in/Mahaconnect@mahabank.co.in .Kindly update to the latest version for better user Experience.",2025-07-02 13:09:45,1.0.34
48658645-27fd-4b76-b76f-61e3a9ace479,Urooj Shaikh,https://play-lh.googleusercontent.com/a-/ALV-UjUR-RXMEZhuP5Or87EX-9PLwpGDGotVFD3bQJcGciiPq-x0BwgY,"Worst Mobile Banking application ever. Even after entering correct card details while sim binding (registration) it keeps saying ""invalid card details"" and because if this the registration limit get's consumed. Customer Care has generic replies on this issue and no resolution from them. Please resolve this at the earliest. Blocked for use !!! Don't wanna give even a single star but it requires minimum one star to post this comment, so here you go Mahamobile Plus üèÜ",1,65,1.0.45,2025-08-21 00:22:00,,,1.0.45
e06cb846-8c3a-40b8-99a8-07fd7186dd51,Ketan Patel,https://play-lh.googleusercontent.com/a-/ALV-UjX0Kbk2svHBkCuM4oYH-q-YPMldpgsr0mYbEbBhBoFvhMcU1rqy,After updating the app on yesterday it is not opening and crashed every time. App developers are very poor. login attempt is not happening in a single try. Every time 3 to 4 times I have to attempt to login and processing is showing but not working for that I have to close the app and reopen again.,1,5,1.0.44,2025-07-31 09:26:52,,,1.0.44
cfbd6071-80f0-4661-9645-bfcd26e4da1f,Hakimuddin Diwan,https://play-lh.googleusercontent.com/a/ACg8ocKsiTKhp64J8nFyNn2SEZJs2O3k8kjPYfACZg4l68K6muKIDg=mo,"Worst bank in India. The app looks like it was designed in the early 2000s. They charge like a private bank and offer stereotypical outdated govt bank services. The customer service is the worst, whose only job is to send people to the branch. Many banking services like applying for debit and credit cards can't be done through the app you have to actually go to the branch and fill out forms and its UPI service doesn't work at all.",1,11,1.0.46,2025-09-04 19:56:19,,,1.0.46
af1fdd2a-d0e4-404e-8f1f-e062e7f45358,Shivnarayan Waghmare,https://play-lh.googleusercontent.com/a-/ALV-UjUOB9BmtC6H3jgTSPL-339OtySQqzawDfQqtdw_bM1qJDTxLpVJhA,"Recently, I changd the mobile and installed the app but shows error and locks the activation of the app for 24 hours. Since last one week it is functioning like this. Despite having all correct information, it doesn't allow to activate properly. 4/5 times it locked the app from activation. very frustrating. Earlier it used to work well. But some fund transferring glitches. Now this problem. Worst experience.",1,28,1.0.47,2025-09-08 17:33:11,,,1.0.47
3a080229-46a5-4e5d-9d61-4ff281406d2e,Abhishek Parekar,https://play-lh.googleusercontent.com/a/ACg8ocJLNLuItrVb4qfx1QCw3I8cvb7XeyIEXBwfOVUw7WfTsBVahHID=mo,"The app was working satisfactorily before ,but now after latest update 1.0.44. It's WORST. The app takes all my login credentials then states authentication failed despite login in correctly. 2nd time it takes details & app closes or crashes abruptly, despite trying several times. Then I tried reinstalling app but the same status. It seems bad optimization of the app.",1,9,1.0.44,2025-07-31 17:11:20,,,1.0.44
da981a53-6146-41ec-a29a-44da8985fc7d,NIKHIL DOMBALE,https://play-lh.googleusercontent.com/a/ACg8ocJHG_KLUy48Fpp6EPrL5-90CaTZsTTlGyZFOQwsFFbW9iWFXw=mo,"No reason stated, nothing, even my phone is rlly good and still the app crashes before even opening . Technically the app doesn't work even a bit and it's one of the worst app experience I've ever faced. Tried contacting the toll free number, or requesting a call back and both of it didn't work",1,12,1.0.44,2025-07-31 19:16:21,,,1.0.44
5abe642e-f161-4f0e-a178-c1ba9bb015e4,Aditya,https://play-lh.googleusercontent.com/a-/ALV-UjW2z5QGI93EVQkjr4cKcD_iEslUKDnbThBW2mlsItlMtpRhVbmf,"This is the worst mobile banking app I have ever used. Extremely disappointing experience I can‚Äôt even log in despite multiple attempts. If the basic function of logging in doesn‚Äôt work, what‚Äôs the point of the app? Very poor development and user experience. Needs urgent fixes, otherwise it‚Äôs useless for customers.",1,0,1.0.47,2025-09-10 16:57:58,,,1.0.47
e2331ce7-bec1-4412-8d4c-98712be665a0,Ruth Raju,https://play-lh.googleusercontent.com/a-/ALV-UjW5a65GNrXtIifSkCES7djGCNsIshxhZnOQ8KHB5h0WteUrt1lK9A,"the worst app ever. I've never been able to login to this app in one attempt. now that I'm trying to register in another phone, it's not happening. UPI doesn't work. Unable to add a beneficiary. So many flaws. Do you even care about fixing these issues?",1,23,1.0.45,2025-08-08 15:33:43,,,1.0.45
433327da-f6b8-4200-8624-b5c35a093709,Pranay Kinjawadekar,https://play-lh.googleusercontent.com/a-/ALV-UjU4gzrYixizH-Vew1INRJfE3uZen2EcwrxiA9djd_0Fc5VIFj9-,"Critical failure in a basic function of the app. The send money function is not working as expected. After clicking the confirm button, a cancel button appears and no transaction occurs. Tried multiple times, tried updated version.",1,6,1.0.45,2025-08-02 07:30:20,,,1.0.45
afd12fe1-e0b5-4c6b-886f-c399046c0652,SWAPNIL TAMBE,https://play-lh.googleusercontent.com/a-/ALV-UjW6J0kdaRRw7jtNp8fv99juj8TrsDF8pB2XwLpCL3gVt032joLMwA,"After update my app stops working, everytime i try to log in with my mpin, app closes by itself, i write an email about this problem but it's more then 12 hour, i didn't get reply, and i didn't get any satisfactory answer's from bank customer care.",1,3,1.0.44,2025-08-01 16:55:34,,,1.0.44
d91653e5-ac2d-47a7-8976-2d65c2bd7329,Ranjana Parab,https://play-lh.googleusercontent.com/a-/ALV-UjUw9o0mSgT9mgLu_YA8YdHLiQyYYhJUUQbrdttKon7gMz8TB7IV,"worst app ever, the UPI doesn't work like literally it shows a network issue, whereas if I were to use phonepe such issue has never occurred and even after connecting to wifi and changing my network several times the same issue occurs.",1,1,1.0.45,2025-08-19 12:04:27,,,1.0.45
8b1c0ee8-d1cc-49c2-8f39-92e9861148b7,Jayant Sadegaonkar,https://play-lh.googleusercontent.com/a/ACg8ocKJ_Edku7KwNU1vOmnWNoLl4KOAzmbBBBaaZz7Tm1eypB5Baw=mo,"Always problem on operation. Iam having cc against DEPOSIT at bhugaon branch, trying to transfer amount from Cc against DEPOSIT to my saving account, the transaction is getting failures since last 5 days. Similar problem occurred last time inspite of severally installed the new version and reregistered again and again. will the bank authorities provide attention to the problem of this app and resolve issues permanantly.",1,1,1.0.45,2025-08-21 11:03:42,,,1.0.45
97795dc2-b2c4-449f-9f51-bdad8da04d41,Sarita kulkarni,https://play-lh.googleusercontent.com/a/ACg8ocLZE0-wRTXEe278-va4KH4GcKd3eHG7QBRzWPVJk6ltQTN-Wg=mo,"worst, I have been trying to register by aadhaar auth, since 30 days. Each time it shows ""try after some time"". update: I mailed them all my errors, long ago, one thing the bank is consistent about is NO CARE, NO REPLY. update: Now they have remove aadhar authentication, what a joke",1,4,1.0.45,2025-08-02 14:28:46,"Dear Customer,We regret the inconvenience caused,if you have any issues in using the application, We kindly request you to contact us on 1800-233-4526/write to us on digitalsupport@mahabank.co.in./mahaconnect@mahabank.co.in ,Kindly update to the latest version for better user experience.

",2025-06-21 13:03:05,1.0.45
cd1ccc58-8d8d-4f30-9a1d-add9a3459aa9,Rohan Khadke,https://play-lh.googleusercontent.com/a-/ALV-UjVKDq7xwkmSEH-qmgLLceDHQI7tgIvd-f8GXlX-svRm9y-LX5LjzA,"pathetic bank application, it simply does not allow to login. How are we expected to reset the password? this is a very basic feature any college going application would have? when we go to mahaconnect then it says the user cannot reset the password?",1,2,1.0.45,2025-08-14 21:28:14,,,1.0.45
e69d3d5a-1a6d-4d84-acf0-3d2a19761647,Kartik Pandey,https://play-lh.googleusercontent.com/a-/ALV-UjV2u-ORZ286zaktUgGRpqawn8vgbu5Ubz7bm8zGKBPBsJkq4j0G,worst app ever i can't send money to anyone and if i try using upi it shows network connection error every single time. i used other apps like gpay and phonepay to use upi but it shows failure every single time when doing transaction üò°üò°,1,1,1.0.45,2025-08-20 07:08:02,,,1.0.45
ab644036-a9bb-4a86-ac08-29e68af2f491,S. S. Favade,https://play-lh.googleusercontent.com/a/ACg8ocJHDxWR1ggTXavKfQOMk70-ZvtePql8c2BXrCvspT2vjFhcvxg6=mo,Very very bogus app. Not eligible for one star also. Always asking for registration. Always says invalid credential and authentication failed. All views are bad. Why don't you develop it again ? Please do correction as soon as possible.,1,0,1.0.45,2025-08-17 11:18:01,,,1.0.45
62ffe8bc-b21f-460d-a9da-33ad3ebec519,Rupali Magare,https://play-lh.googleusercontent.com/a-/ALV-UjWRk0B8dwh97P3oDz3UABHJei9qz9ntf_IjYrKjRT3tV9k2lJE,"Currently installed the new app after uninstalling the old one , but still have a issue that is after entering the mpin the app closes automatically. And shows a notification that this app has a bug . Need the developer to fix this this issue at the earliest.",1,0,1.0.44,2025-08-01 10:52:07,,,1.0.44
f234f562-8ec0-4594-be26-829245dd7d5f,Vikram Satale,https://play-lh.googleusercontent.com/a/ACg8ocJBOt9xn9grLUVGR6S7ldHCr2BbOUAcHtXEnQoZhIishc47dg=mo,"Not able to login even after reinstalling the app. It always says ""There is some difficulty in processing your request. Please try after some time.""",1,0,1.0.47,2025-09-09 10:09:55,,,1.0.47
0bee515f-a208-46ed-b784-9d294c9fc299,Dhara Shah,https://play-lh.googleusercontent.com/a-/ALV-UjU6-sh5k_zUXiUOSOcVU8TC9XlB9MtNJkpl0VvALh5KldG9TRYS,"aftr the last update its showing invalid tpin, inspite of putting the correct one. i called customer care but they told they cannot help. also why location is to be enabled. before it was not there",1,0,1.0.47,2025-09-10 20:23:13,,,1.0.47
c9e59d5a-3ff3-40a4-af46-18fe5134591c,Jaydev Trivedi,https://play-lh.googleusercontent.com/a-/ALV-UjXEOd94RYT5RgsfLX4UWetFSRufxsQeMgMaAk-58664xGv66DxL,The App is not working since last one week. It is getting crashed everytime I try to login. I even tried to reinstall but it failed again. Need to fix this urgently.,1,0,1.0.44,2025-08-01 07:49:56,,,1.0.44
7810296e-30f4-4472-b890-9668d36c34af,Saurabh K,https://play-lh.googleusercontent.com/a/ACg8ocJgH7wbLNUwMGrIDQQKexM4gwBrENaJBCAczJcxmDadX8SvKw=mo,"What a noob developer. . . Worst app. . . . this app wants other network, sim and wifi to turn off to verify number/account. . . . And even after verification, it can't open. Every time after login it suddenly closed.",1,0,1.0.44,2025-07-31 23:09:26,,,1.0.44
bc53d1a9-c921-4d9a-bf47-8ba412fd32e8,Ashok Pandya,https://play-lh.googleusercontent.com/a/ACg8ocLfVRmfFYJZt-78Bh5NV95UoyBFEmenlALYA33SwbghSQ8_CA=mo,I am facing the login issues. kindly provide with the solution. I am already done registration twice. Pop-up wil comes while login- 'something went wrong with mahamobile app plus.,1,0,1.0.44,2025-07-31 13:40:21,,,1.0.44
7e22f873-2939-4fd3-86b3-70af004f8a7e,Sunita Sood,https://play-lh.googleusercontent.com/a/ACg8ocID6in7sJ_3FM7SS5Tm1EaKTfXc1NV30WaQ74KUd8MgQLenGQ=mo,"The app is not working after last update. Right after entering login details, it loads for a moment and crashes.",1,1,1.0.44,2025-08-01 07:04:22,,,1.0.44
0b21bb3d-6c73-4998-873a-bda2fb8ad2f7,Arpita Lokhande,https://play-lh.googleusercontent.com/a-/ALV-UjXHOW_oNzD7kWuWFLp7l-iv86meR6aNcfrjqBmQkfo6d5090kqcTw,"I have never used such a worst interface of any Bank!!! Like seriously, No Mobile Authentication is working via aadhar. Unable to change password for networking because of failure in Aadhar??? Not able to login through my debit card? and also not able to get token from Bank Of Maharashtra Branch rude staffs because they don't understand the process.????? I'm just gonna quit this bank pretty soon.",1,1,1.0.45,2025-08-01 18:12:53,,,1.0.45
fdc1bd7d-4370-4f4d-89c6-efce82a9bdc7,MANOJ SOLANKE,https://play-lh.googleusercontent.com/a/ACg8ocJpGfuDachjZSt0qR0l_VaI0aO0kvuIXlmChuX8mhmNv7w3n9gh=mo,one of the worst bank ... i had open saving account at aundha nagnath branch a month ago in this bank bt still im not able to transfer money in this account saying transaction denied by bank ... im reached out at the branch and ask for my issue not a single staff able to resolve my issue.....,1,1,1.0.47,2025-09-04 17:57:25,,,1.0.47
ec6fd0d8-b988-46c7-83f1-4eae2fcbeed4,Dr Aniruddha,https://play-lh.googleusercontent.com/a-/ALV-UjWcUusWWuXK1RzkUek0sr-ugXjQ1I9DWmMp9XOcermIq9I1zf4q,Unable to register with atm card in new app.every time visit to branch is it possible?. without prior notice abruptly old app stopped.government bank means no service.previous app was good to operate.card verification failed msg display every time.,1,0,1.0.45,2025-08-03 16:12:34,,,1.0.45
900b8d0c-33bf-446a-82b2-2e6eedc3bbb2,Sunil Deshmane,https://play-lh.googleusercontent.com/a/ACg8ocJsr4bggy_Ll2X1AtY3-KpWdg9WwKJKNdxySasCYxiDEtUkXA=mo,worst experience with this app. it crashes everytime when I try to login. if Maha bank takes charges on every service then why can't they good working app ? where is all the money going ? how can we operate if app crashes everytime? admin - look into this,1,1,1.0.44,2025-08-01 14:39:13,,,1.0.44
d985815e-83d1-47a0-9595-9fe5d7d388ff,Rafiya Shaikh,https://play-lh.googleusercontent.com/a-/ALV-UjWnCt3NpT48C2fEagDbSR_dJkpMPGRX9Y0rCCj5zus5jcR72tXzKQ,pathetic app. looks like some college student has designed it. not able to send money from past 1 month. after entering tpin and confirm the screen just disappear. pathetic service by bank,1,1,1.0.45,2025-08-11 21:19:28,,,1.0.45
c01400b0-9646-42a3-8086-fefea6185f21,sudeep mote,https://play-lh.googleusercontent.com/a-/ALV-UjU43cYoi05SDKQfx7jHW09sYcpQX3Bw4CavV_YapuQnhKwAV62U,"After today's update, the app is automatically getting closed when trying to login. Very disappointed. do the needful ASAP.",2,0,1.0.44,2025-07-31 14:56:50,,,1.0.44
8c32cb39-588b-4677-8f1e-f28943e5ce3a,Rishikesh Lokare,https://play-lh.googleusercontent.com/a-/ALV-UjU-ZlagTZBym8BQxNg8jomAy9uVcMVgkXAis3xwn7Qg8k0KQ1ZLqg,"The app won't start because 'Pushbullet' is installed. push bullet is a messaging app, please fix this, every time one or the other app causes it to not work, push bullet can't even do anything here edit: my review has all the information, I'm not calling or emailing anyone, this is me telling you the issue, I don't think there is a need to convey the same issue twice",1,63,1.0.40,2025-06-26 16:20:34,"Dear Customer, we regret the inconvenience caused,if you have any issues in using the
application, We kindly request you to contact us on 1800-233-4526/Write to us on digitalsupport@mahabank.co.in/Mahaconnect@mahabank.co.in .Kindly update to the latest version for better user Experience.
",2025-06-26 15:57:01,1.0.40
729e217c-774f-46c9-937e-a995fb6314b0,Dr Abhinav Tiwary,https://play-lh.googleusercontent.com/a-/ALV-UjUS7v-B2Nya0RnYhRXOlenD6zKrRh7yaQw_abqxATvg8rC3I3g,"Plain bad app. Login fails, navigation is non-intuitive, and worst of all asks to reset pin often which has been proven to be dangerous and bad for security reasons. Also the bank is horrible in that it said no fees for IMPS transfer while it deducted some. I needed maximum amount and ended up getting negative balance for a day, it was reported and I lost 30 points in CIBIL credit score!! üí¢ üò°",1,64,1.0.40,2025-07-02 09:47:23,"Dear Customer, we regret the inconvenience caused, if you have any issues in using the application, We kindly request you to contact us on 1800-233-4526/Write to us on digitalsupport@mahabank.co.in/Mahaconnect@mahabank.co.in .Kindly update to the latest version for better user Experience.",2025-07-02 13:02:53,1.0.40
66faca98-c7ea-43c2-bcdf-9ceed195a26f,Akshi Kamde,https://play-lh.googleusercontent.com/a-/ALV-UjWfCJ0HJ2a6rD_LqTawSbMhjmmCnx9GjlTETDF02pPPzoWJjV5I,"I am unable to even register. pls fix it. Even in such a digital age where there is 5G, such slow buggy apps still exist. it literally wasted half hour just trying to register and after every step I get an error occurred pls try again later. The worst online banking experience here !",1,4,1.0.40,2025-07-22 22:20:41,,,1.0.40
0822a073-c107-44f2-98ba-eb962c9a4576,Nirmohee Nirmohee,https://play-lh.googleusercontent.com/a/ACg8ocJQwiOwzLFQc-W8EvktkgF9xYqWJexCGLJNsWeO2ug469Rj6A=mo,"even after giving all the permissions, app says permissions not given and I cannot do registration of my account. hnce it has become of no use for me. how to fix this issue?",1,0,1.0.47,2025-09-10 10:20:57,,,1.0.47
4a56d55c-fafc-4bbe-a8d4-ba412483fab3,Sanjay Thorat,https://play-lh.googleusercontent.com/a-/ALV-UjW3B6dEdUekTCuzSC_cMMlKUDIvAhiqWMKeN4dPqTMoVcU3vDHBcw,"One of the worst banking apps. After an update, it reset the app permissions and saved the username and password. You need to register fresh. Once you start the registration and get the password then you are gone for a long time as you have to waste so much of time to reset that password and follow pathetic procedure.",1,7,1.0.40,2025-06-13 10:00:20,"Dear Customer, We regret the inconvenience caused, if you have any issues in using the application, We kindly request you to contact us on 1800-233-4526/write to us digitalsupport@mahabank.co.in./mahaconnect@mahabank.co.in. Kindly update to the latest version for better user experience.",2025-06-21 13:21:38,1.0.40
4b419dbb-952e-4d42-8c51-46e9c2d6e687,Biddyut Mondal,https://play-lh.googleusercontent.com/a-/ALV-UjVEnALsSt3vXgZBo132-IuJDw1KsbHPGyCOblWa7iCAXGOHsveP,Worst Banking App. I tried to register with this app but it is unfortunate I could not do the same. Everytime app gives the message that your mobile operator is not available to send SMS. This is not true. Even after getting through this the app stucked at the authentication and flash the message that you try after some time due to some difficulty. Everything is alright from my side but it is app which is not made friendly to the customers. Improve the services. Harrasment. Thanks.,1,4,1.0.40,2025-07-24 14:36:34,,,1.0.40
5eb0d167-d258-4b4d-9b00-be2be0e515fe,Shubham Patel,https://play-lh.googleusercontent.com/a-/ALV-UjXYnjtwgOl381Y1yMex7zAbIYjGjkO0xQ3FxitX6SgDXtjVItB_7g,"The app developer is very bad, I don't know how it is designed, whenever you switch from your secondary sim slot, it again comes up with the verification process, please fix it, it takes a long time for me to fix it Because if we change the SIM due to network issues at the time of need then it causes a lot of trouble",1,44,1.0.40,2025-07-27 22:28:59,,,1.0.40
9ceb39fd-b629-4a2b-9e01-84a5ae8cd884,Kishor Bhalerao,https://play-lh.googleusercontent.com/a/ACg8ocLnrsh5YT6vbs4q3zjG-mzl8zjdO6qRnfixvoQVptj7K08W9OI=mo,"I am ex-staff of the bank but last 11 days I can't open the app. i write several mail ,visit branch but nobody response the mail . several times I installed & uninstall the app as per their suggestions but no use. when second time when I open the app error reflects. No body gives solution on this problem.",2,6,1.0.40,2025-06-24 14:53:51,"Dear Customer, we regret the inconvenience caused, if you have any issues in using the application, We kindly request you to contact us on 1800-233-4526/Write to us on digitalsupport@mahabank.co.in/Mahaconnect@mahabank.co.in .Kindly update to the latest version for better user Experience.
",2025-06-24 16:04:59,1.0.40
97bfddb8-ede4-43ce-964b-0a0b0249f8c4,Jyoti Panbude,https://play-lh.googleusercontent.com/a-/ALV-UjUXQzi6J0KI23eMsJOE3vAp-DSV7g7UBcxuh_HfENSV3w91bU0,App not working properly. Closes automatically after login. Always having some problem in transaction,1,0,1.0.44,2025-08-01 18:22:39,,,1.0.44
b75a99dc-754f-4c83-8203-95d671ef2f09,Chandrakant Sadkar,https://play-lh.googleusercontent.com/a-/ALV-UjUj3bNPYyeATTqQurxl_lDJO-PglOtDFioRaWoTdZ7qTOAuyKo,comp 2: Finally i can access the app after multiple approaches to the branch but still not able to do transaction. contacted them to resolve the issue but the staff member is not providing proper technical support. comp 1: not able to do fund transfer and to select account number 'From and TO'. dumbo app. BOM needs to invest in good app developer and even take lessons from other banks.,1,1,1.0.40,2025-07-10 09:17:02,"Dear Customer,We regret the inconvenience caused,if you have any issues in using the application, We kindly request you to contact us on 1800-233-4526/write to us on digitalsupport@mahabank.co.in./mahaconnect@mahabank.co.in. Kindly update to the latest version for better user experience.",2025-06-21 13:59:49,1.0.40
d60d1a49-75c4-402e-bf80-02052a9b2b76,Suresh Isave,https://play-lh.googleusercontent.com/a-/ALV-UjXC-jG5YVho4mBsKF39KVtecnJMTAIlTrsanqxZLoaHMySpFt9RlQ,"Don't rely on the app. There is no assurance that the app will work and your work will be completed. Not work properly. correct mpin, tpin shows incorrect, payees details not found, log outs during the transactions, payee is not added etc. many errors occur during the use.",1,5,1.0.39,2025-06-04 16:11:48,"Dear Customer,we regret the inconvenience caused,if you have any issues in using the application, We kindly request you to contact us on 1800-233-4526/write to us on digitalsupport@mahabank.co.in./mahaconnect@mahabank.co.in. Kindly update to the latest version for better user experience.",2025-06-21 13:09:01,1.0.39
f3e93aa3-b48c-4c84-9193-1f8146be51e9,Suraj Kanase,https://play-lh.googleusercontent.com/a-/ALV-UjXQ134vxHrxJyiKPbminb0Vbt4J9G2bZ9v9ds5FmjbaSsB9DsFZ,After registration also this app requires phone call permission. they can read your msg and call history. not better for privacy don't use this app.,1,2,1.0.44,2025-08-01 12:01:00,"Sorry for the inconvenience caused, we will take your valuable feedback as a suggestion to improve further.Kindly share your concern with screenshot to ""Digitalsupport@mahabank.co.in""",2025-06-21 15:54:32,1.0.44
248c6dd5-ecc2-4e94-8c81-1a8960f59379,amar chaudhary,https://play-lh.googleusercontent.com/a/ACg8ocJOaCA6r_D5sHuGj_WgnO44Hd8S3KPWMzVPgwSqTML0AK4DYg=mo,not able to login again worst app experience. try to improve it so that a/c holders can easily get log in and avail the services.,1,0,1.0.47,2025-09-05 13:03:39,,,1.0.47
321f3bb4-f8db-43a1-b4f6-e45cc48addc0,Ajeet Choudhary,https://play-lh.googleusercontent.com/a-/ALV-UjWR_q3AiSRE-zxECjt9Dpfhf6u3B1MTig5xZcoel_gC6QLYG3v8ZA,"They release update without basic testing, after latest update mini statement not working.. Getting message mobile no could not be found on each page. How could they miss error message coming on each page. Update They replied to my comment after 2 year.. Super fastüòÇ",1,7,1.0.40,2025-07-02 18:23:21,"Dear Customer, we regret the inconvenience caused, if you have any issues in using the application, We kindly request you to contact us on 1800-233-4526/Write to us on digitalsupport@mahabank.co.in/Mahaconnect@mahabank.co.in .Kindly update to the latest version for better user Experience.",2025-07-02 17:58:02,1.0.40
670ecb6f-b393-42dc-a0ed-592cb364f060,Tejshri Rajput,https://play-lh.googleusercontent.com/a/ACg8ocKRxXUh-KOOb178finFrTf89YQhjhveswgtFd30BSR0kId7sPU=mo,worst experience with this application..its not even opening. not able to pay EMI's. bank is also not responding. bank of maharashtra's services are very worst,1,0,1.0.44,2025-07-31 18:34:00,,,1.0.44
c4f27470-599b-40df-893a-4a043e291f37,Mohan Sandis,https://play-lh.googleusercontent.com/a/ACg8ocKcER0gQ_UN66yxqc9L4OPRbZfs2nhQg-IUTDXEfo8AbPQeGg=mo,"Very bad Application, Not working properly, payment part is very weak , I can't transfer amt, zero point.",1,0,1.0.45,2025-08-11 18:45:34,,,1.0.45
0861e1b2-e2a7-45bc-bd22-db5f8000b160,Dr. vijay sonje,https://play-lh.googleusercontent.com/a/ACg8ocJwQGt6JdlECaD6FAeVjUZ4EP2f0KeGWNS4DK389mlXiYECYRDc=mo,"Always problem to open It's Very Boaring Bank, Not Work Properly at all places either online or offline ist so careless.. and in to the loan account there is very slow process to display the all details on dashboard‡•§ almost 10 to 20 minut sone time display is blank till to exit from app... from wating ‡•§ore than half an hour or more long time",1,2,1.0.40,2025-07-22 14:21:12,,,1.0.40
cb9306c1-320f-4182-9732-2f45c440699e,ADITYA GADRE,https://play-lh.googleusercontent.com/a-/ALV-UjX49baD46auhHSXaiyYY5-5Qj8Vj8AVOxtyVyAqh057CRfbuvg7,This bank itself is worst. Still not providing KYC online. App is bad than worst. It updates again & again & still need to fill all the info all over again.,1,0,1.0.47,2025-09-15 18:33:39,,,1.0.47
f0e252df-6b0a-4055-9707-84ee241aae1d,Mihir Desai,https://play-lh.googleusercontent.com/a-/ALV-UjVgoJceDgmqS8371J3hjz5Ipvn58jKpRJ3G7ask8B6L2OWfDerh,"When i try to login, there is a success message after which the app crashes. provide a fix asap.",1,0,1.0.44,2025-08-02 11:00:06,,,1.0.44
61b9f791-58f1-46c2-b9c7-52e8c661711a,PRAKASH MEHTA,https://play-lh.googleusercontent.com/a-/ALV-UjW7KPOt8FBf6Vjk8JGx_KhH7FyEsHF24RcPK9Llw7ACBAG10ouD,"WHY I CAN NOT REGISTER IN MAHAMOBILE + APP DESPITE AN ACCOUNT HOLDER. On Registration message comes "" Authentication is Failed; Please kindly try again after some time "" App downloaded version is latest, No Cache in App, There is no Internet problem, There is sufficient cash balance for SMS charges apart from free 100 SMS daily, App shows success after sending SMS, BUT ONLY AUTHENTICATION IS FAILED; WHY ??????????? I DOUBT THAT OUR SITABULDI,NAGPUR BR IS NOT SERIOUS IN SOLVING THE PROBLEM;",1,3,1.0.40,2025-07-26 18:16:20,"Dear Customer,We regret the inconvenience caused,if you have any issues in using the application, We kindly request you to contact us on 1800-233-4526/write to us on digitalsupport@mahabank.co.in./mahaconnect@mahabank.co.in. Kindly update to the latest version for better user experience.",2025-06-21 15:17:45,1.0.40
0d680f09-90a8-45b3-8a47-b93f5cf95dc6,Pratik More,https://play-lh.googleusercontent.com/a-/ALV-UjW1QQX1KKA6j2FmhiPXDwVsvk7SbR6MgzKHBo5k9igFAw8ZqdjKow,"Simply logsout for no reason and asks to register again !!! During registration Adhaar verification doesn't work, Card verification doesn't work so only option left is go to branch and take token by waiting in line. Utterly frustrating",1,0,1.0.40,2025-07-28 11:20:41,,,1.0.40
70811301-8ecb-41bd-bbda-25d6818cb5d4,Narsimha Chary M,https://play-lh.googleusercontent.com/a-/ALV-UjWGVGRABVpl2HFFC-3N6L67AyexJyvUYQW0TWpLx9HqD9kcAgs,"Sir, email update , mobile number update features are not available. ekyc update is non functioning! kindly look in to it. thank you",1,0,1.0.47,2025-09-10 22:41:00,,,1.0.47
33c04c48-08b9-4918-8074-a51d0aa3c0d3,Prafulla Malewar,https://play-lh.googleusercontent.com/a/ACg8ocKQ0VpfDpJqudmto3JJznBAMTAnApMLdt2jbEKUgalQ32qp4g=mo,"Tried several times to log in, visited Branch also but no use. Log in failed and not using now.",1,0,1.0.47,2025-09-04 19:38:39,,,1.0.47
e012471d-032f-43a9-9c68-ef4e8eabc7be,Shubhada Bhide,https://play-lh.googleusercontent.com/a/ACg8ocIjJtu-JCV4pI8eJmkL0UmSHBzogRuTCyTg_OYnT2dmYy1Q4A=mo,"very poorly designed application, frequent errors, slow response time, today it's not working , reason unknown , (msg plz try later) 1 Aug 2025",1,0,1.0.44,2025-08-01 14:27:22,,,1.0.44
955226d9-cd31-45ab-a84b-16ff4fa6996c,Milind Khadke,https://play-lh.googleusercontent.com/a-/ALV-UjUriBcZ74q8UGteFDNAqX1B1qHzujzeBPxbtlnbmcF4clnjagnKTQ,after today's update I am unable to open the app. It crashes during the login stage.,1,5,1.0.44,2025-07-30 19:32:56,,,1.0.44
46aaff01-5288-4b8e-a169-9c785937e891,Atul Ramdas,https://play-lh.googleusercontent.com/a-/ALV-UjUVcjemsRgITclBOiqFj7FzrMpAdP3ZLwUI2FDFsYSqObqoTuU2,Constantly crashing after recent update. can't open it. very pathetic application.,1,0,1.0.44,2025-08-01 13:50:22,,,1.0.44
74e19113-c94a-440b-8ab0-3375f662e8c5,Mahesh Gaikwad,https://play-lh.googleusercontent.com/a-/ALV-UjWkRFNn7Xp8gUAD15FVr52_4_bB7_OdH7CrMTcAvwpjtW6uKn3v,unable to open. message shows this app have bug. it will operate when it will fix.,1,0,1.0.44,2025-07-31 13:04:14,,,1.0.44
afc155c3-d77f-40e4-b9c6-28551680dfd6,Siddhant Sood,https://play-lh.googleusercontent.com/a/ACg8ocJ8OQ0c2lLHfbOijQAAv5NKNgFXM7bh7FKZLBt_ZTN-ixQmeQ=mo,Money transfer is not working on this useless app. The bank seems to be highly unsafe.,1,1,1.0.45,2025-08-22 15:12:31,,,1.0.45
ac911aa1-b623-4bf1-8d90-ed486ea52619,Rahul Biswas,https://play-lh.googleusercontent.com/a/ACg8ocLuStowclzaf5haXUup9kYBv5p7sxXDapKU2927vd8HI61AIw=mo,poor banking app last 2weeks an try to login this app it's showing error somthing went wrong try again seriously am trying to talk customer care email u no one help me pathetic bank,1,0,1.0.47,2025-09-13 21:27:05,,,1.0.47
babd8e56-f373-425f-8a6e-96144696e855,Pushkar Nandan,https://play-lh.googleusercontent.com/a/ACg8ocLfGVVctsWGrE8_PehfIXcMsah9vaB_O1U29NfSKAEJX1-gzE0=mo,"recently update is very bad, Poor working login success then automatically close application.",1,0,1.0.44,2025-08-01 12:24:06,,,1.0.44
dcab1cd4-04fe-46bb-8a49-01b922e0427d,Sumit Jha,https://play-lh.googleusercontent.com/a-/ALV-UjXgkHF6Ti-xmPdkPaHnleF-_kTDj4eIyxNkATz4H_nX6kuFkY4n,worst app i have ever seen ....a lot of problems...not able to transfer money from 2 days,1,0,1.0.45,2025-08-12 10:08:48,,,1.0.45
cd073864-1e24-4c90-869d-6e82c7fb63bd,Pradeep Muthaye,https://play-lh.googleusercontent.com/a-/ALV-UjXQoki-usgBDZkHrXYpRdUuC-vj60NrZ_wGg3bNnKky4uTLfGVx,Worst banking app so far. Not even able to login using debit card.,1,0,1.0.45,2025-08-03 18:49:01,,,1.0.45
3a52ba9c-f04e-4fee-b6a1-4e56c6ee2464,Shivaji Damame,https://play-lh.googleusercontent.com/a/ACg8ocL4FjW9mMT0ujjWK07Tg0gIMquPqzhCB-6KTBCohXzpJiwGixvk=mo,A very bad app developed. Why bank not looking in the matter inspire of several feedback given by the customers.App rating is poor.,1,0,1.0.44,2025-07-31 18:54:53,,,1.0.44
ae6d8619-c06d-4c4a-b0ac-4eec65998cec,Amit Kamble,https://play-lh.googleusercontent.com/a-/ALV-UjU9klIBFyaHmmZPLNqQBP7-D6S4xwqRyAqe6ZOdd6_UTehzmuQ2mQ,"Extremely Disappointing Experience ‚Äì Worst App Ever I‚Äôve been trying to register on the MahaMobile Plus app for over a month, but the Aadhaar Authentication option simply does not work. Every time I try, it shows ""technical issues"" without any proper explanation or resolution. This is not just frustrating‚Äîit‚Äôs unacceptable! I have an account with Bank of Maharashtra, and I expected better digital services. But this app is full of bugs, poor UI, and zero customer support. If Aadhaar-based regis",1,3,1.0.40,2025-07-15 14:04:00,,,1.0.40
1ea51433-f1e0-4b8f-8360-68e2aef47570,Ramesh Hade,https://play-lh.googleusercontent.com/a-/ALV-UjXtlhTlQkkpqma-qT0A5-c4vOV7KY_pICBFEv3ZJ6mFbzZchoT0,"how can already registered customer be asked to do re-registration?, while registering error showing authentication failed despite having sufficient sms balance, very poor response, very slow app, do improvement in mobile banking app otherwise you will loose customers, if you want to attract deposit then give good service to customer in terms of online banking, mobile banking etc. Why should we keep deposit with your bank if we can't access mobile banking services in emergency?",1,0,1.0.40,2025-07-30 12:45:28,,,1.0.40
237b593d-2680-4c74-900c-d97f841b5bf6,Pratik Muli,https://play-lh.googleusercontent.com/a/ACg8ocKaYNNCHxuAscz2h28mRgVNFPtsRZ4dOy_sNUC6kTDYN9OZO6w=mo,Why can't government banks improve their digital banking experience like private banking players?? New registration using Aadhar card authentication not working showing error in verification. The session doesn't persist and gets killed randomly. The submit button flushes all the input field data when clicked for the first time works on the second click only! Pathetic user experience Please hire a good mobile app development team who knows how to develop the application.,1,1,1.0.40,2025-07-08 18:39:44,,,1.0.40
691b519c-2109-41a3-8a39-bf856538fbea,Om Patel,https://play-lh.googleusercontent.com/a-/ALV-UjXlXP70v-r290QNiZ5bQlAPmqHKCI6H357k7EBZpymymkqYGWw,"Third class app experience. I am trying to login the app since morning and after entering MPIN, it shows success, but the screen is stuck in 'Please Wait' and does not proceed, due to which I am unable to use the app. Work on the services properly else people will run away from your bank.",1,5,1.0.40,2025-07-05 10:38:55,,,1.0.40
f81cf2e2-6608-46c9-b4a4-364a098dfdc5,ABDULLAAH KHAN,https://play-lh.googleusercontent.com/a/ACg8ocJskGHoLgaVPJ7C3BNW23_1eHu0JW8X9Dx9Cx2tz6HKLWY4eA=mo,Very bad experience after every update dergister üòí Not able to register again üò†üò° UPI doesn't work üòíüòî Not working again after this update üòèüòí,1,2,1.0.44,2025-07-31 15:38:23,"Dear Customer, we regret the inconvenience caused, if you have any issues in using the application, We kindly request you to contact us on 1800-233-4526/Write to us on digitalsupport@mahabank.co.in/Mahaconnect@mahabank.co.in .Kindly update to the latest version for better user Experience.",2025-07-02 17:24:06,1.0.44
abb372a5-20da-49fa-8d49-4fcecd64d4aa,Nitin Tekale,https://play-lh.googleusercontent.com/a-/ALV-UjWXoz33zj3as-OqEiDAV10opulNivqlFWsy5wPB7GM1EcIzzbcs,Getting better with time. It's very good from last few versions. Update on 22/6/25 It has been terrible experience with last few updates. there is no option to login on the app. they ask for registration every time.,1,8,1.0.40,2025-06-22 18:50:04,"Dear Customer, we regret the inconvenience caused, if you have any issues in using the
application, We kindly request you to contact us on 1800-233-4526/Write to us on digitalsupport@mahabank.co.in/Mahaconnect@mahabank.co.in .Kindly update to the latest version for better user Experience.
",2025-06-24 16:18:47,1.0.40
d0994ae3-2d7f-4dcf-ab9b-98f406e69a03,Prathamesh Ranje,https://play-lh.googleusercontent.com/a-/ALV-UjVdy7clkaA_FWV3EDIq0rtp-niE8wnaaCoAh-7nWHk-O-Sb-VHatw,I'm not sure what update is provided. I'm unable to register my account for the last 2 weeks now.,1,0,1.0.45,2025-08-11 13:40:30,,,1.0.45
d92014dc-b418-404c-b9c5-7afb73fee46d,Garry DD,https://play-lh.googleusercontent.com/a-/ALV-UjXQlntwsV4eGP3K_1bZ4zOgSx-eGqwePKcPJrhV34k570wi2dzFKA,"NEGETIVE 5. The worst ever app like their services. Worst services. From last few years every time I have to go and submit nomination, address update, mobile update and it continues. Their systems are never updated. I can receive SMS of downtime on my mobile, but while login it says wrong mobile. FUNNY.",1,3,1.0.40,2025-07-05 11:33:59,"Dear Customer, We regret the inconvenience caused, if you have any issues in using the application, We kindly request you to contact us on 1800-233-4526/write to us digitalsupport@mahabank.co.in./mahaconnect@mahabank.co.in. Kindly update to the latest version for better user experience.",2025-06-21 13:19:37,1.0.40
b9ede317-78ad-4134-9984-c0af7ff95821,RAJKUMAR SARSAR,https://play-lh.googleusercontent.com/a/ACg8ocKsgmLSXpv06fUrBsmbl7EwdJhahfygbHfhV_7yCDHWO4fi4w=mo,The app is running very slow and all the inputs are being denied due to system lag from the server end and processing is taking too long to proceed with the operation.,1,1,1.0.40,2025-07-30 12:43:50,,,1.0.40
6f7919f6-a35c-49c1-a8f7-c156924e70b1,Joybrata Bose,https://play-lh.googleusercontent.com/a-/ALV-UjUTkyMePTKZKU0VHckVfTxP6v_xyFTL12WN8cM-tc7zZKJ9uvw,Whats the benefit of this new app when its same as worst as its old partner. Unable to login and it takes 30 mins to login and in case of emergency its of no use. In 2025 this application reminds of 2011 phase of 2G speeds,1,1,1.0.40,2025-07-23 12:55:03,,,1.0.40
963ba964-b2c5-45a2-810c-f400ccf01f27,Rahul Gholap,https://play-lh.googleusercontent.com/a-/ALV-UjXqHYo7obe8QHCNpzkfEp9_HXmvWasaU9bMGi90Mh0737ocJsyg,Most of the time app keeps crashing or not working. You are in banking domain please fix these issues to provide best services to your customer.,1,2,1.0.40,2025-07-24 08:13:27,,,1.0.40
2a96c21e-904f-4176-82e6-c1235bab24e0,Hridas Vaishnav,https://play-lh.googleusercontent.com/a/ACg8ocLyZJqUHvVO2Ri3H9T9m7bFIQsZGM7VTI_UqmAl_NhDpd9moA=mo,"bug not fix .. my app was not open due to bug ,app show devloper have issue and fix bug.. ü§¨",1,0,1.0.44,2025-08-01 10:00:09,,,1.0.44
9af9e865-2848-451f-bd43-fc5a269e3729,saurav tamuli,https://play-lh.googleusercontent.com/a-/ALV-UjV9y0DhMRkVClc6p1mzMRqypaQTcuSniwfve_WbxXpRUw9toKDY,not able to login in the app everytime connection failed despite having recharge and talktime in sim,1,0,1.0.46,2025-08-27 11:16:16,,,1.0.46
a752cce9-feb0-452b-86a5-a786a29efc6f,Umesh Bale,https://play-lh.googleusercontent.com/a-/ALV-UjX16czpt4Wa4SrPtDilSqpFo-NNTw_k2RU2g6Cc4jSoQj6beyes,Set standard instruction in branch but not able to delete it from app as end date was not set at the time of creation.,1,0,1.0.47,2025-08-30 18:19:06,,,1.0.47
8dc4f99d-0b6b-4da7-92eb-0498e1868cda,Harishchandra Shukla,https://play-lh.googleusercontent.com/a-/ALV-UjUj_q5Qn82vaKsROG3V3g_yB4yvtrF3iezzHgCh0TNXmMsI8Q0,worst experience...app keeps stopping everytime I try to login.Tried everything but problem persists.,1,0,1.0.44,2025-07-31 14:58:37,,,1.0.44
234f103c-b0ef-47e7-b966-147ed1e770b2,Manaj Mohanta,https://play-lh.googleusercontent.com/a-/ALV-UjVSubX7cewIm5vWpN_ro6qmHr10_Strm0KLdPL2nPJ60T_Yol6z,Aap was not opening automatically close. Please fix this issue.,1,3,1.0.44,2025-08-01 15:54:53,,,1.0.44
9e2a5716-8682-4b59-aba4-8f6fd3012360,Vaibhav Kulkarni,https://play-lh.googleusercontent.com/a/ACg8ocK1MpCkufSzeGngsG5z4wAc00mZuIBLHdIBvypUfMEoCzW9Pw=mo,Very bad experience. Not able to open the app due to some bug issue.,1,0,1.0.44,2025-08-01 16:27:09,,,1.0.44
